Workbook

Sheet UnitStats
A1: Unit | B1: HP | C1: ATK | D1: DEF | E1: Cost | F1: ResponseTime
A2: Infantry | B2: 30 | C2: 10 | D2: 2 | E2: 100 | F2: 2
A3: Tank | B3: 40 | C3: 13 | D3: 2 | E3: 250 | F3: 3
A4: Artillery | B4: 20 | C4: 8 | D4: 1 | E4: 200 | F4: 4
A5: Recon | B5: 25 | C5: 9 | D5: 1 | E5: 100 | F5: 1

Sheet TypeMatrix
A1: ATK↓ DEF→ | B1: Infantry | C1: Tank | D1: Artillery | E1: Recon
A2: Infantry | B2: 1 | C2: 0.6 | D2: 1 | E2: 2
A3: Tank | B3: 2 | C3: 1 | D3: 0.6 | E3: 1
A4: Artillery | B4: 1 | C4: 2 | D4: 1 | E4: 1
A5: Recon | B5: 1 | C5: 1 | D5: 2 | E5: 1

Sheet DamageMatrix
A1: ATK↓ DEF→ | B1: Infantry | C1: Tank | D1: Artillery | E1: Recon
A2: Infantry | B2: =MAX(1,(UnitStats!C2*TypeMatrix!B2)-UnitStats!D2) | C2: =MAX(1,(UnitStats!C2*TypeMatrix!C2)-UnitStats!D3) | D2: =MAX(1,(UnitStats!C2*TypeMatrix!D2)-UnitStats!D4) | E2: =MAX(1,(UnitStats!C2*TypeMatrix!E2)-UnitStats!D5)
A3: Tank | B3: =MAX(1,(UnitStats!C3*TypeMatrix!B3)-UnitStats!D2) | C3: =MAX(1,(UnitStats!C3*TypeMatrix!C3)-UnitStats!D3) | D3: =MAX(1,(UnitStats!C3*TypeMatrix!D3)-UnitStats!D4) | E3: =MAX(1,(UnitStats!C3*TypeMatrix!E3)-UnitStats!D5)
A4: Artillery | B4: =MAX(1,(UnitStats!C4*TypeMatrix!B4)-UnitStats!D2) | C4: =MAX(1,(UnitStats!C4*TypeMatrix!C4)-UnitStats!D3) | D4: =MAX(1,(UnitStats!C4*TypeMatrix!D4)-UnitStats!D4) | E4: =MAX(1,(UnitStats!C4*TypeMatrix!E4)-UnitStats!D5)
A5: Recon | B5: =MAX(1,(UnitStats!C5*TypeMatrix!B5)-UnitStats!D2) | C5: =MAX(1,(UnitStats!C5*TypeMatrix!C5)-UnitStats!D3) | D5: =MAX(1,(UnitStats!C5*TypeMatrix!D5)-UnitStats!D4) | E5: =MAX(1,(UnitStats!C5*TypeMatrix!E5)-UnitStats!D5)

Sheet HitsToKill
A1: ATK↓ DEF→ | B1: Infantry | C1: Tank | D1: Artillery | E1: Recon
A2: Infantry | B2: =CEILING(UnitStats!B2/DamageMatrix!B2,1) | C2: =CEILING(UnitStats!B3/DamageMatrix!C2,1) | D2: =CEILING(UnitStats!B4/DamageMatrix!D2,1) | E2: =CEILING(UnitStats!B5/DamageMatrix!E2,1)
A3: Tank | B3: =CEILING(UnitStats!B2/DamageMatrix!B3,1) | C3: =CEILING(UnitStats!B3/DamageMatrix!C3,1) | D3: =CEILING(UnitStats!B4/DamageMatrix!D3,1) | E3: =CEILING(UnitStats!B5/DamageMatrix!E3,1)
A4: Artillery | B4: =CEILING(UnitStats!B2/DamageMatrix!B4,1) | C4: =CEILING(UnitStats!B3/DamageMatrix!C4,1) | D4: =CEILING(UnitStats!B4/DamageMatrix!D4,1) | E4: =CEILING(UnitStats!B5/DamageMatrix!E4,1)
A5: Recon | B5: =CEILING(UnitStats!B2/DamageMatrix!B5,1) | C5: =CEILING(UnitStats!B3/DamageMatrix!C5,1) | D5: =CEILING(UnitStats!B4/DamageMatrix!D5,1) | E5: =CEILING(UnitStats!B5/DamageMatrix!E5,1)

Sheet Initiative
A1: Unit | B1: BaseResponseTime
A2: Infantry | B2: =UnitStats!F2
A3: Tank | B3: =UnitStats!F3
A4: Artillery | B4: =UnitStats!F4
A5: Recon | B5: =UnitStats!F5
A7: Lower response time fires first

Sheet Terrain
A1: Terrain | B1: DefenseReduction
A2: Plains | B2: 0
A3: Forest | B3: 0.15
A4: City | B4: 0.25
A5: Mountain | B5: 0.35

Sheet RNGModel
A1: Variable | B1: Value
A2: MinMultiplier | B2: 0.85
A3: MaxMultiplier | B3: 1.15
A4: Description | B4: Damage randomization range

Sheet MatchAnalytics
A1: MatchID | B1: AvgHitsToKill | C1: CounterKills | D1: NeutralKills | E1: DisadvantageKills | F1: RNGTieRate
